Track Name,Album Name,Lyrics,No_of_Characters,No_of_Words
You by Radiohead,Pablo Honey by Radiohead,you are the sun and moon and stars are you and i could never run away from you  you try at working out chaotic things and why should i believe myself not you  it's like the world is gonna end so soon and why should i believe myself my–  you me and everything caught in the fire i can see me drowning caught in the fire you me and everything caught in the fire i can see me drowning caught in the fire,400,85
Creep by Radiohead,Pablo Honey by Radiohead,when you were here before couldn't look you in the eye you're just like an angel your skin makes me cry you float like a feather in a beautiful world  i wish i was special you're so fuckin' special  but i'm a creep i'm a weirdo what the hell am i doing here i don't belong here  i don't care if it hurts i wanna have control i want a perfect body i want a perfect soul i want you to notice when i'm not around  you're so fuckin' special i wish i was special  but i'm a creep i'm a weirdo what the hell am i doing here i don't belong here oh-oh oh-oh  she's running out the door she's running out she run run run run run  whatever makes you happy whatever you want you're so fuckin' special i wish i was special but i'm a creep i'm a weirdo what the hell am i doing here i don't belong here i don't belong here,809,190
How Do You? by Radiohead,Pablo Honey by Radiohead,he's bitter and twisted he knows what he wants he wants to be loved and he wants to belong he wants us to listen he wants us to weep and he was a stupid baby who turned into a powerful freak  but how do you how do you how do you  he lives with his mother but we show him respect he's a dangerous bigot but we always forget and he's just like his daddy 'cause he cheats on his friends and he steals and he bullies anyway that he can  but how do you how do you how do you,469,104
Stop Whispering by Radiohead,Pablo Honey by Radiohead,and the wise man said i don't want to hear your voice and the thin man said i don't want to hear your voice and they're cursing me and they won't let me be and there's nothing to say and there's nothing to do  stop whispering start shouting stop whispering start shouting  and the mother say we spit on your son some more and the buildings say we spit on your face some more and the feeling is that there's something wrong 'cause i can't find the words and i can't find the songs  stop whispering start shouting stop whispering start shouting  dear sir i have a complaint dear sir i have a complaint can't remember what it is it doesn't matter anyway it doesn't matter anyway  stop whispering stop whispering stop whispering stop whispering stop stop,750,149
Thinking About You by Radiohead,Pablo Honey by Radiohead,been thinking about you your records are here your eyes are on my wall your teeth are over there but i'm still no one and you're now a star what do you care  been thinking about you and there's no rest shit i still love you still see you in bed but i'm playing with myself and what do you care when the other men are far far better  all the things you've got all the things you need who bought you cigarettes who bribed the company to come and see you honey  i've been thinking about you so how can you sleep these people aren't your friends they're paid to kiss your feet they don't know what i know and why should you care when i'm not there   been thinking about you and there's no rest shit i still love you still see you in bed but i'm playing with myself and what do you care when i'm not there  all the things you've got that you'll never need all the things you've got i've bled and i bleed to please you  been thinking about you,937,204
Anyone Can Play Guitar by Radiohead,Pablo Honey by Radiohead,destiny destiny protect me from the world destiny hold my hand protect me from the world  here we are with our running and confusion and i don't see no confusion anywhere  and if the world does turn and if london burns i'll be standing on the beach with my guitar i wanna be in a band when i get to heaven anyone can play guitar and they won't be a nothing anymore  grow my hair grow my hair i am jim morrison grow my hair i wanna be wanna be wanna be jim morrison  here we are with our running and confusion and i don't see no confusion anywhere  and if the world does turn and if london burns i'll be standing on the beach with my guitar i wanna be in a band when i get to heaven anyone can play guitar and they won't be a nothing anymore,740,161
Ripcord by Radiohead,Pablo Honey by Radiohead,soul destroyed with clever toys for little boys it's inevitable inevitable it's a soul destroyed  you're free until you drop you're free until you've had enough but you don't understand you've no ripcord no ripcord no ripcord no ripcord  aeroplane do i mean what i mean it's inevitable inevitable oh aeroplane  a thousand miles an hour and politics in power that you don't understand you've no ripcord no ripcord no ripcord no ripcord the answer to your prayers we'll drop you anywhere with no ripcord no ripcord no ripcord no ripcord,534,102
Vegetable by Radiohead,Pablo Honey by Radiohead,i never wanted anything but this i worked hard tried hard i ran around in domestic bliss i fought hard died long  every time you're running out of here every time you're running i get the fear  i never wanted any broken bones scarred face no home your words surround me and asphyxiate and i burn all hate  every time you're running out on me every time you're running i can see  i'm not a vegetable i will not control myself i spit on the hand that feeds me i will not control myself  the waters spray the waters run all over me the waters spray the waters run and this time you're gonna pay  i'm not a vegetable i will not control myself i spit on the hand that feeds me i will not control myself,697,145
Prove Yourself by Radiohead,Pablo Honey by Radiohead,i can't afford to breathe in this time nowhere to sit without a gun in my hand hooked back up to the cathode ray  i'm better off dead i'm better off dead i'm better off  prove yourself prove yourself prove yourself  i wanna breathe i wanna grow i'd say i want it but i don't know how i work i bleed i beg and pray  but i'm better off dead i'm better off dead i'm better off  prove yourself prove yourself prove yourself  i'm better off dead i'm better off dead i'm better off  prove yourself prove yourself prove yourself prove yourself why prove yourself prove yourself prove yourself,585,123
I Can't by Radiohead,Pablo Honey by Radiohead,please forget the words that i just blurted out it wasn't me it was my strange and creeping doubt it keeps rattling my cage and there's nothing in this world will keep it down  even though i might even though i try i can't even though i might even though i try i can't  so many things that keep that keep me underground so many words that i that i can never find  if you give up on me now i'll be gutted like i've never been before  even though i might even though i try i can't even though i might even though i try i can't  if you give up on me now i'll be gutted like i've never been before  even though i might even though i try i can't even though i might even though i try i can't even though i might even though i try i can't even though i might even though i try i can't,778,177
Lurgee by Radiohead,Pablo Honey by Radiohead,i feel better i feel better now you've gone i got better i got better i got strong i feel better i feel better now there's nothing wrong i got better i got better i got strong  tell me something tell me something i don't know tell me one thing tell me one thing and let it go i got something i got something heaven knows i got something i got something i don't know ,366,79
Blow Out by Radiohead,Pablo Honey by Radiohead,in my mind and nailed into my heels all the time killing what i feel  and everything i touch all wrapped up in cotton wool all wrapped up in sugar-coated pills turns to stone and everything i touch all wrapped up in cotton wool all wrapped up in sugar-coated pills turns to stone  i am fused just in case i blow out i am glued just in case i crack out  and everything i touch turns to stone everything i touch all wrapped up in cotton wool all wrapped up and sugar-coated turns to stone ,487,95
Planet Telex by Radiohead,The Bends by Radiohead,you can force it but it will not come you can taste it but it will not form you can crush it but it's always here you can crush it but it's always near chasing you home saying  everything is broken everyone is broken  you can force it but it will stay stone you can crush it as dry as a bone you can walk it home straight from school you can kiss it you can break all the rules all of the rules but still  everything is broken everyone is broken everyone is everyone is broken everyone is everything is broken  why can't you forget why can't you forget why can't you forget,573,119
The Bends by Radiohead,The Bends by Radiohead,turn it up loud bring it up  where do we go from here the words are coming out all weird where are you now when i need you alone on an aeroplane falling asleep against the windowpane my blood'll thicken  i need to wash myself again to hide all the dirt and pain 'cause i'd be scared that there's nothing underneath and who are my real friends have they all got the bends am i really sinking this low  my baby's got the bends oh no we don't have any real friends no no no  just lying in a bar with my drip feed on talking to my girlfriend waiting for something to happen i wish it was the 's i wish we could be happy i wish i wish i wish that something would happen  where do we go from here the planet is a gunboat in a sea of fear and where are you they brought in the cia the tanks and the whole marines to blow me away to blow me sky high  my baby's got the bends we don't have any real friends  just lying in a bar with my drip feed on talking to my girlfriend waiting for something to happen i wish it was the 's i wish we could be happy i wish i wish i wish that something would  i wanna live breathe i wanna be a part of the human race i wanna live breathe i wanna be a part of the human race race race race  where do we go from here the words are coming out all weird where are you now when i need you,1309,288
High and Dry by Radiohead,The Bends by Radiohead,two jumps in a week i bet you think that's pretty clever don't you boy flying on your motorcycle watching all the ground beneath you drop you'd kill yourself for recognition kill yourself to never ever stop you broke another mirror you're turning into something you are not  don't leave me high don't leave me dry don't leave me high don't leave me dry  drying up in conversation you will be the one who cannot talk all your insides fall to pieces you just sit there wishing you could still make love they're the ones who'll hate you when you think you've got the world all sussed out they're the ones who'll spit at you you will be the one screaming out  don't leave me high don't leave me dry don't leave me high don't leave me dry   oh it's the best thing that you've ever had the best thing that you've ever ever had it's the best thing that you've ever had the best thing you've had has gone away  so don't leave me high don't leave me dry don't leave me high don't leave me dry don't leave me high don't leave me high don't leave me dry,1042,231
Fake Plastic Trees by Radiohead,The Bends by Radiohead,a green plastic watering can for a fake chinese rubber plant in a fake plastic earth that she bought from a rubber man in a town full of rubber plants to get rid of itself  it wears her out it wears her out it wears her out it wears her out  she lives with a broken man a cracked polystyrene man who just crumbles and burns he used to do surgery for girls in the eighties but gravity always wins  and it wears him out it wears him out it wears him out it wears  she looks like the real thing she tastes like the real thing my fake plastic love but i can't help the feeling i could blow through the ceiling if i just turn and run  and it wears me out it wears me out it wears me out it wears me out  and if i could be who you wanted if i could be who you wanted all the time all the time,786,168
Bones by Radiohead,The Bends by Radiohead,i don't want to be crippled and cracked shoulders wrists knees and back ground to dust and ash crawling on all fours  when you've got to feel it in your bones when you've got to feel it in your bones  now i can't climb the stairs pieces missing everywhere prozac painkillers  when you've got to feel it in your bones when you've got to feel it in your bones  and i used to fly like peter pan all the children flew when i touched their hands  listen you've got to feel it in your bones listen you've got to feel it in your bones ah ah ah,536,115
(Nice Dream) by Radiohead,The Bends by Radiohead,they love me like i was a brother they protect me listen to me they dug me my very own garden gave me sunshine made me happy  nice dream nice dream nice dream  i call up my friend the good angel but she's out with her answerphone she said that she'd love to come help but the sea would electrocute us all  nice dream nice dream nice dream nice dream nice dream nice dream nice dream if you think that you're strong enough nice dream if you think you belong enough nice dream if you think that you're strong enough nice dream if you think you belong enough  now come home now come home now come home now come home  nice dream nice dream nice dream nice dream,657,132
Just by Radiohead,The Bends by Radiohead,can't get the stink off he's been hanging 'round for days comes like a comet suckered you but not your friends  one day he'll get to you and teach you how to be a holy cow  you do it to yourself you do and that's why it really hurts is that you do it to yourself just you you and no one else you do it to yourself you do it to yourself  don't get my sympathy hanging out the fifteenth floor you've changed the locks three times he still comes reeling through the door  one day i'll get to you and teach you how to get to purest hell  you do it to yourself you do and that's why it really hurts is that you do it to yourself just you you and no one else you do it to yourself you do it to yourself   you do it to yourself you do and that's why it really hurts is that you do it to yourself just you you and no one else you do it to yourself you do it to yourself self  you do it to yourself you do it to yourself oh you do it to yourself oh you do it to yourself,961,216
My Iron Lung by Radiohead,The Bends by Radiohead,faith you're driving me away you do it every day you don't mean it but it hurts like hell my brain says i'm receiving pain a lack of oxygen from my life support my iron lung  we're too young to fall asleep too cynical to speak we are losing it can't you tell we scratch our eternal itch our twentieth century bitch we are grateful for our iron lung the headshrinkers they want my everything my uncle bill my belisha beacon the headshrinkers they want my everything my uncle bill my belisha beacon  suck suck your teenage thumb toilet trained and dumb when the power runs out we'll just hum this this is our new song just like the last one a total waste of time my iron lung  the headshrinkers they want my everything my uncle bill my belisha beacon the headshrinkers they want my everything my uncle bill my belisha beacon  and if you're frightened you can be frightened you can be it's okay and if you're frightened you can be frightened you can be it's okay   the headshrinkers they want my everything my uncle bill my belisha beacon the headshrinkers they want my everything my uncle bill my belisha beacon,1109,213
Bullet Proof... I Wish I Was by Radiohead,The Bends by Radiohead,limb by limb and tooth by tooth stirring up inside of me every day every hour wish that i was bulletproof  wax me mould me heat the pins and stab them in you have turned me into this just wish that it  was bulletproof was bulletproof  so pay me money and take a shot lead fill the hole in me i could burst a million bubbles all surrogate  and bulletproof and bulletproof and bulletproof bulletproof,398,75
Black Star by Radiohead,The Bends by Radiohead,i get home from work and you're still standing in your dressing gown well what am i to do i know all the things around your head and what they do to you  what are we coming to what are we gonna do  blame it on the black star blame it on the falling sky blame it on the satellite that beams me home  the troubled words of a troubled mind i try to understand what is eating you i try to stay awake but it's fifty-eight hours since that i last slept with you  what are we coming to i just don't know anymore  blame it on the black star blame it on the falling sky blame it on the satellite that beams me home  i get on the train and i just stand about now that i don't think of you i keep falling over i keep passing out when i see a face like you  what am i coming to i'm gonna melt down  blame it on the black star blame it on the falling sky blame it on the satellite that beams me home  ah this is killing me ah this is killing me,931,205
Sulk by Radiohead,The Bends by Radiohead,you bite through the big wall the big wall bites back you sit there and sulk you sit there and bawl you look so pretty when you're on your knees disinfected and eager to please  sometimes you sulk sometimes you burn god rest your soul when the loving comes but we're already gone just like your dad you'll never change  each time it comes it eats me alive i try to behave but it eats me alive so i declare a holiday fall asleep drift away  sometimes you sulk sometimes you burn god rest your soul when the loving comes but we're already gone just like your dad you'll never change   sometimes you sulk sometimes you burn god rest your soul when the loving comes but we're already gone just like your dad you'll never change,723,143
Street Spirit (Fade Out) by Radiohead,The Bends by Radiohead,rows of houses all bearing down on me i can feel their blue hands touching me all these things into position all these things we'll one day swallow whole  and fade out again and fade out  this machine will will not communicate these thoughts and the strain i am under be a world child form a circle before we all go under  and fade out again and fade out again  ah-na-na ah-na-na ah-na-na ah-na-na ah-na-na ah-na-na ah-na-na ah-na-na  cracked eggs dead birds scream as they fight for life i can feel death can see its beady eyes all these things into position all these things we'll one day swallow whole  and fade out again and fade out again  ah-na-na ah-na-na ah-na-na ah-na-na ah-na-na ah-na-na ah-na-na ah-na-na immerse your soul in love ah-na-na ah-na-na ah-na-na ah-na-na immerse your soul in love ah-na-na ah-na-na,822,144
Airbag by Radiohead,OK Computer by Radiohead,in the next world war in a jackknifed juggernaut i am born again in the neon sign scrolling up and down i am born again  in an interstellar burst i'm back to save the universe  in a deep deep sleep of the innocent i am born again in a fast german car i'm amazed that i survived an airbag saved my life  in an interstellar burst i am back to save the universe   in an interstellar burst i am back to save the universe in an interstellar burst i am back to save the universe,472,97
Paranoid Android by Radiohead,OK Computer by Radiohead,please could you stop the noise i'm trying to get some rest from all the unborn chicken voices in my head  what's that i may be paranoid but not an android what's that i may be paranoid but not an android  when i am king you will be first against the wall with your opinion which is of no consequence at all  what's that i may be paranoid but no android what's that i may be paranoid but no android  ambition makes you look pretty ugly kicking squealing gucci little piggy you don't remember you don't remember why don't you remember my name off with his head man off with his head man why don't you remember my name i guess he does  rain down rain down come on rain down on me from a great height from a great height height rain down rain down come on rain down on me from a great height from a great height height that's it sir you're leaving rain down the crackle of pigskin rain down the dust and the screaming come on rain down the yuppies networking on me the panic the vomit from a great height the panic the vomit from a great height god loves his children god loves his children yeah,1092,224
Subterranean Homesick Alien by Radiohead,OK Computer by Radiohead,the breath of the morning i keep forgetting the smell of the warm summer air i live in a town where you can't smell a thing you watch your feet for cracks in the pavement up above aliens hover making home movies for the folks back home of all these weird creatures who lock up their spirits drill holes in themselves and live for their secrets  they're all uptight uptight uptight uptight uptight uptight  i wish that they'd swoop down in a country lane late at night when i'm driving take me on board their beautiful ship show me the world as i'd love to see it i'd tell all my friends but they'd never believe me they'd think that i'd finally lost it completely i'd show them the stars and the meaning of life they'd shut me away  but i'd be alright alright mom i'm alright alright  i'm just uptight uptight uptight uptight uptight uptight uptight uptight uptight,865,173
Exit Music (For A Film) by Radiohead,OK Computer by Radiohead,wake from your sleep the drying of your tears today we escape we escape  pack and get dressed before your father hears us before all hell breaks loose  breathe keep breathing don't lose your nerve breathe keep breathing i can't do this alone  sing us a song a song to keep us warm there's such a chill such a chill  and you can laugh a spineless laugh we hope your rules and wisdom choke you now we are one in everlasting peace we hope that you choke that you choke  we hope that you choke that you choke we hope that you choke that you choke,542,109
Let Down by Radiohead,OK Computer by Radiohead,transport motorways and tramlines starting and then stopping taking off and landing the emptiest of feelings disappointed people clinging on to bottles and when it comes it's so so disappointing  let down and hanging around crushed like a bug in the ground let down and hanging around  shell smashed juices flowing wings twitch legs are going don't get sentimental it always ends up drivel  one day i am gonna grow wings a chemical reaction hysterical and useless hysterical and  let down and hanging around crushed like a bug in the ground let down and hanging around  let down again let down again let down again  you know you know where you are with you know where you are with floor collapsing floating bouncing back  and one day i am gonna grow wings a chemical reaction you know where you are hysterical and useless you know where you are hysterical and you know where you are let down and hanging around crushed like a bug in the ground let down and hanging around,971,176
Karma Police by Radiohead,OK Computer by Radiohead,karma police arrest this man he talks in maths he buzzes like a fridge he's like a detuned radio  karma police arrest this girl her hitler hairdo is making me feel ill and we have crashed her party  this is what you get this is what you get this is what you get when you mess with us  karma police i've given all i can it's not enough i've given all i can but we're still on the payroll  this is what you get this is what you get this is what you get when you mess with us  for a minute there i lost myself i lost myself phew for a minute there i lost myself i lost myself for a minute there i lost myself i lost myself phew for a minute there i lost myself i lost myself,671,146
Fitter Happier by Radiohead,OK Computer by Radiohead,fitter happier more productive comfortable not drinking too much regular exercise at the gym three days a week getting on better with your associate employee contemporaries at ease eating well no more microwave dinners and saturated fats a patient better driver a safer car baby smiling in back seat sleeping well no bad dreams no paranoia careful to all animals never washing spiders down the plughole keep in contact with old friends enjoy a drink now and then will frequently check credit at moral bank hole in wall favors for favors fond but not in love charity standing orders on sundays ring road supermarket no killing moths or putting boiling water on the ants car wash also on sundays no longer afraid of the dark or midday shadows nothing so ridiculously teenage and desperate nothing so childish at a better pace slower and more calculated no chance of escape now self-employed concerned but powerless an empowered and informed member of society pragmatism not idealism will not cry in public less chance of illness tires that grip in the wet shot of baby strapped in back seat a good memory still cries at a good film still kisses with saliva no longer empty and frantic like a cat tied to a stick that's driven into frozen winter shit the ability to laugh at weakness calm fitter healthier and more productive a pig in a cage on antibiotics,1353,237
Electioneering by Radiohead,OK Computer by Radiohead,i will stop i will stop at nothing say the right things when electioneering i trust i can rely on your vote  when i go forwards you go backwards and somewhere we will meet when i go forwards you go backwards and somewhere we will meet  riot shields voodoo economics your turn your turn it's just business cattle prods and the imf i trust i can rely on your vote  when i go forwards you go backwards and somewhere we will meet when i go forwards you go backwards and somewhere we will meet,488,95
Climbing Up the Walls by Radiohead,OK Computer by Radiohead,i am the key to the lock in your house that keeps your toys in the basement but if you get too far inside you'll only see my reflection it's always best with the covers up i am the pick in the ice do not cry out or hit the alarm you know we're friends till we die  but either way you turn i'll be there open up your skull i'll be there climbing up the walls  it's always best when the light is off it's always better on the outside fifteen blows to the back of your head fifteen blows to your mind so lock the kids up safe tonight shut the eyes in the cupboard i've got the smell of a local man who's got the loneliest feeling  that either way he turns i'll be there open up your skull i'll be there climbing up the walls  climbing up the walls climbing up the walls,766,168
No Surprises by Radiohead,OK Computer by Radiohead,a heart that's full up like a landfill a job that slowly kills you bruises that won't heal you look so tired unhappy bring down the government they don't they don't speak for us i'll take a quiet life a handshake of carbon monoxide  and no alarms and no surprises no alarms and no surprises no alarms and no surprises silent silent  this is my final fit my final bellyache with  no alarms and no surprises no alarms and no surprises no alarms and no surprises please  such a pretty house and such a pretty garden  no alarms and no surprises get me out of here no alarms and no surprises get me out of here no alarms and no surprises please get me out of here,658,132
Lucky by Radiohead,OK Computer by Radiohead,i'm on a roll i'm on a roll this time i feel my luck could change kill me sarah kill me again with love it's gonna be a glorious day  pull me out of the aircrash pull me out of the lake 'cause i'm your superhero we are standing on the edge the head of state has called for me by name but i don't have time for him it's gonna be a glorious day i feel my luck could change pull me out of the aircrash pull me out of the lake 'cause i'm your superhero we are standing on the edge   we are standing on the edge,506,118
The Tourist by Radiohead,OK Computer by Radiohead,it barks at no one else but me like it's seen a ghost i guess it's seen the sparks a-flowin no one else would know  hey man slow down slow down idiot slow down slow down  sometimes i get overcharged that's when you see sparks they ask me where the hell i'm going at a thousand feet per second  hey man slow down slow down idiot slow down slow down   hey man slow down slow down idiot slow down slow down,403,85
Everything in Its Right Place by Radiohead,Kid A by Radiohead,kid a kid a kid a kid a  everything everything everything everything in its right place in its right place in its right place in its right place  yesterday i woke up sucking a lemon yesterday i woke up sucking a lemon yesterday i woke up sucking a lemon yesterday i woke up sucking a lemon  everything everything everything in its right place in its right place in its right place right place  there are two colours in my head there are two colours in my head what what is that you tried to say what what was that you tried to say tried to say tried to say tried to say tried to say  everything everything everything everything,627,119
Kid A by Radiohead,Kid A by Radiohead,i slip away i slipped on a little white lie  we've got heads on sticks and you've got ventriloquists we've got heads on sticks and you've got ventriloquists  standing in the shadows at the end of my bed standing in the shadows at the end of my bed standing in the shadows at the end of my bed standing in the shadows at the end of my bed   the rats and the children will follow me out of town rats and children follow me out of town come on kids,445,94
The National Anthem by Radiohead,Kid A by Radiohead,everyone everyone around here everyone is so near it's holdin' on it's holdin' on   everyone everyone is so near everyone has got the fear it's holdin' on it's holdin' on   it's holdin' on it's holdin' on holdin' on   smile,223,52
How to Disappear Completely by Radiohead,Kid A by Radiohead,that there that's not me i go where i please i walk through walls i float down the liffey  i'm not here this isn't happening i'm not here i'm not here  in a little while i'll be gone the moment's already passed yeah it's gone  and i'm not here this isn't happening i'm not here i'm not here  strobe lights and blowing speakers fireworks and hurricanes  i'm not here this isn't happenin' i'm not here i'm not here  ah-ah ah-ah ah-ah ah-ah ah-ahh ah-ah ah-ah-ah ah-ah-ah ah-ahh-ah ah-ah-ah ah-ah,493,106
Optimistic by Radiohead,Kid A by Radiohead,flies are buzzing 'round my head vultures circling the dead picking up every last crumb the big fish eat the little ones big fish eat the little ones not my problem give me some  you can try the best you can you can try the best you can the best you can is good enough you can try the best you can you can try the best you can the best you can is good enough  this one's optimistic this one went to market this one just came out of the swamp this one drops a payload fodder for the animals living on an animal farm  you can try the best you can you can try the best you can the best you can is good enough you can try the best you can you can try the best you can the best you can is good enough  i'd really like to help you man i'd really like to help you man nervous messed up marionette floating 'round on a prison ship  you can try the best you can you can try the best you can the best you can is good enough you can try the best you can you can try the best you can  dinosaurs roaming the earth dinosaurs roaming the earth dinosaurs roaming the earth,1056,222
In Limbo by Radiohead,Kid A by Radiohead,lundy fastnet irish sea i got a message i can't read another message i can't read lundy fastnet irish sea i got a message i can't read another message i can't read  i'm on your side nowhere to hide trapdoors that open i spiral down  you're livin' in a fantasy world you're livin' in a fantasy world  i'm lost at sea don't bother me i've lost my way i've lost my way  you're livin' in a fantasy world you're livin' in a fantasy world you're livin' in a fantasy world this beautiful world  come back lundy fastnet irish sea i got a message i can't read i got a message i can't read i got a message i can't read come back lundy fastnet irish sea another message i can't read another message i can't read another message i can't read another message i can't read come back,768,174
Idioteque by Radiohead,Kid A by Radiohead,who's in a bunker who's in a bunker women and children first and the children first and the children i'll laugh until my head comes off i'll swallow 'til i burst until i burst until i who's in a bunker who's in a bunker i have seen too much you haven't seen enough you haven't seen it i'll laugh until my head comes off women and children first and children first and children  here i'm alive everything all of the time here i'm alive everything all of the time  ice age comin' ice age comin' let me hear both sides let me hear both sides let me hear both ice age comin' ice age comin' throw him in the fire throw him in the fire throw him on the we're not scaremongerin' this is really happenin' happenin' we're not scaremongerin' this is really happenin' happenin' mobiles skwerking mobiles chirping take the money and run take the money and run take the money  here i'm alive everything all of the time here i'm alive everything all of the time here i'm alive everything all of the time here i'm alive everything all of the time -n first and the childre- -n first and the childre- -n first and the childre- -n first and the ch- first -n first and the childre- -n first and the childre- -n first and the childre- -n first and the ch- first -n first and the childre- -n first and the childre- -n first and the childre- -n first and the ch- first -n first and the childre- -n first and the childre-,1398,294
Morning Bell by Radiohead,Kid A by Radiohead,the morning bell the morning bell light another candle and  release me release me  you can keep the furniture a bump on the head howlin' down the chimney  release me release me please release me release me  where'd you park the car where'd you park the car clothes are on the lawn with the furniture now i might as well i might as well sleepy jack the fire drill round and round and round and round and round and round and round and round  cut the kids in half cut the kids in half cut the kids in half  the lights are on but nobody's home everybody wants to be a friend the lights are on but nobody's home nobody wants to be a slave walkin' walkin' walkin' walkin' walkin' walkin' walkin' walkin' walkin' walkin' walkin' walkin' walkin' walkin' walkin' walkin',761,162
Motion Picture Soundtrack by Radiohead,Kid A by Radiohead,red wine and sleeping pills help me get back to your arms cheap sex and sad films help me get where i belong  i think you're crazy maybe i think you're crazy maybe  stop sending letters letters always get burned it's not like the movies they fed us on little white lies  i think you're crazy maybe i think you're crazy maybe i will see you in the next life,356,75
Packt Like Sardines in a Crushd Tin Box by Radiohead,Amnesiac by Radiohead,after years of waiting nothing came as your life flashed before your eyes you realize  i'm a reasonable man get off get off get off my case i'm a reasonable man get off my case get off my case  after years of waiting  after years of waiting nothing came and you realize you're looking in looking in the wrong place  i'm a reasonable man get off my case get off my case i'm a reasonable man get off my case get off my case get off my case i'm a reasonable man get off my case get off my case get off my case  i'mma try for after years of waiting  i'm a reasonable man get off my case get off my case get off my case i'm a reasonable man get off my case get off my case get off my case i'm a reasonable man get off my case get off my case get off my case i'm a reasonable man get off my case get off my case get off my case,821,185
Pyramid Song by Radiohead,Amnesiac by Radiohead,i jumped in the river and what did i see black-eyed angels swam with me a moon full of stars and astral cars and all the figures i used to see all my lovers were there with me all my past and futures and we all went to heaven in a little row boat  there was nothing to fear and nothing to doubt  i jumped into the river black-eyed angels swam with me a moon full of stars and astral cars and all the figures i used to see all my lovers were there with me all my past and futures and we all went to heaven in a little row boat  there was nothing to fear and nothing to doubt there was nothing to fear and nothing to doubt there was nothing to fear and nothing to doubt,667,139
Pulk/Pull Revolving Doors by Radiohead,Amnesiac by Radiohead,there are barn doors and there are revolving doors doors in the rudders of big ships and there are revolving doors  there are doors that open by themselves there are sliding doors and and there are secret doors there are doors that lock and doors that don't there are doors that let you in and out but never open and there are trapdoors that you can't come back from,366,71
You and Whose Army? by Radiohead,Amnesiac by Radiohead,come on come on you think you drive me crazy well come on come on  you and whose army you and your cronies  come on come on holy roman empire come on if you think come on if you think you can take us on you can take us on  you and whose army you and your cronies  you forget so easy we ride tonight we ride tonight ghost horses ghost horses we ride tonight we ride tonight ghost horses ghost horses ghost horses,411,84
I Might Be Wrong by Radiohead,Amnesiac by Radiohead,i might be wrong i might be wrong i could have sworn i saw a light coming on i used to think i used to think there was no future left at all i used to think  open up begin again  let's go down the waterfall think about the good times and never look back never look back  what would i do what would i do if i did not have you  open up and let me in  let's go down the waterfall have ourselves a good time it's nothing at all it's nothing at all nothing at all  keep it moving keep it moving ah ah ah,498,112
Knives Out by Radiohead,Amnesiac by Radiohead,i want you to know he's not coming back look into my eyes i'm not coming back  so knives out catch the mouse don't look down shove it in your mouth  if you'd been a dog they would have drowned you at birth look into my eyes it's the only way you'll know i'm telling the truth  so knives out cook him up squash his head put him in the pot  i want you to know he's not coming back he's bloated and frozen still there's no point in letting it go to waste  so knives out catch the mouse squash his head put him in the pot,517,118
Morning Bell / Amnesiac by Radiohead,Amnesiac by Radiohead,the morning bell the morning bell light another candle and  release me release me  you can keep the furniture a bump on the head howling down the chimney  release me release me yeah release me release me  where'd you park the car where'd you park the car your clothes are on the lawn with the furniture and i might as well i might as well sleepy jack the fire drill run around around around around and round  cut the kids in half cut the kids in half cut the kids in half  release me release me release me release me,516,102
Dollars and Cents by Radiohead,Amnesiac by Radiohead,there are better things to talk about be constructive there are weapons we can use be constructive with your blues even when it's only warnings even when you talk the war games  oh why don't you quiet down maybe i want peace and honesty why don't you quiet down maybe i want to live in the children's land and you know maybe maybe i why don't you quiet down maybe i'll wander the promised land i want peace and honesty why don't you quiet down i want to live in the promised land and maybe wander the children's land quiet down yeah and there there we can free  you don't live in a business world and he never goes and you never stay we all have goals in a liberal world living in times when i could stand it babe  over baby's crying it'll all be baby i can see out of here all over the planet's dead all over the planet so let me out of here all over the all over the all over the all over the  quiet down we are the dollars and cents and the pounds and pence and the mark and the yen and yeah why don't you quiet down we're gonna crack your little souls we're gonna crack your little souls why don't you quiet down we are the dollars and cents and the pounds and pence and the pounds and pence and yeah why don't you quiet down we're gonna crack your little souls crack your little souls we are the dollars and cents,1318,283
Like Spinning Plates by Radiohead,Amnesiac by Radiohead,while you make pretty speeches i'm being cut to shreds you feed me to the lions a delicate balance  when this just feels like spinning plates i'm living in cloud cuckoo land and this just feels like spinning plates my body's floating down the muddy river,254,49
Life in a Glasshouse by Radiohead,Amnesiac by Radiohead,once again i'm in trouble with my only friend she is papering the windowpanes she is putting on a smile living in a glasshouse  and once again packed like frozen food and battery hens think of all the starving millions don't talk politics and don't throw stones your royal highnesses  well of course i'd like to sit around and chat well of course i'd like to stay and chew the fat well of course i'd like to sit around and chat but someone's listening in  once again we are hungry for a lynching that's a strange mistake to make you should turn the other cheek living in a glasshouse  well of course i'd like to sit around and chat well of course i'd like to stay and chew the fat well of course i'd like to sit around and chat  only only only only only only only only only only only only only only only only  there's someone listening in,838,172
2 + 2 = 5 by Radiohead,Hail to the Thief by Radiohead,we're on that's a nice way to start jonny  are you such a dreamer to put the world to rights i'll stay home forever where two and two always makes a five  i'll lay down the tracks sandbag and hide january has april showers and two and two always makes a five  it's the devil's way now there is no way out you can scream and you can shout it is too late now because  you have not been paying attention paying attention paying attention paying attention you have not been paying attention paying attention paying attention paying attention you have not been paying attention paying attention paying attention paying attention you have not been paying attention paying attention paying attention paying attention  i try to sing along but i get it all wrong 'cause i'm not 'cause i'm not i swat 'em like flies but like flies the bugs keep coming back not but i'm not all hail to the thief all hail to the thief but i'm not but i'm not but i'm not but i'm not don't question my authority or put me in a box 'cause i'm not 'cause i'm not oh go and tell the king that the sky is falling in but it's not but it's not but it's not maybe not maybe not,1141,239
Sit Down. Stand Up. by Radiohead,Hail to the Thief by Radiohead,sit down stand up sit down stand up  walk into the jaws of hell sit down walk into the jaws of hell stand up anytime sit down anytime stand up  sit down stand up sit down  hey we can wipe you out anytime stand up we can wipe you out sit down anytime anytime stand up sit down  the raindrops the raindrops the raindrops the raindrops the raindrops the raindrops the raindrops the raindrops the raindrops the raindrops the raindrops the raindrops the raindrops the raindrops the raindrops the raindrops the raindrops the raindrops the raindrops the raindrops the raindrops the raindrops the raindrops the raindrops the raindrops the raindrops the raindrops the raindrops the raindrops the raindrops the raindrops the raindrops the raindrops the raindrops the raindrops the raindrops the raindrops the raindrops the raindrops the raindrops the raindrops the raindrops the raindrops the raindrops the raindrops the raindrops the raindrops the raindrops,948,154
Sail to the Moon by Radiohead,Hail to the Thief by Radiohead,i sucked the moon i spoke too soon and how much did it cost i was dropped from moonbeams and sailed on shootin' stars  maybe you'll be president but know right from wrong or in the flood you'll build an ark and sail us to the moon  sail us to to the moon sail to,262,58
Backdrifts by Radiohead,Hail to the Thief by Radiohead,we're rotten fruit we're damaged goods what the hell we've got nothing more to lose one gust and we will probably crumble we're backdrifting  this far but no further i'm hanging off a branch i'm teetering on the brink of honey sweets so full of sleep i'm backsliding  you fell into our arms you fell into our arms we tried but there was nothing we could do nothing we could do  all evidence has been buried all tapes have been erased but your footsteps give you away so you're backtracking  ah-ah-ah you fell into our arms you fell into our arms we tried but there was nothing we could do nothing we could do  you fell into our you fell into our  we're rotten fruit we're damaged goods what the hell we've got nothing more to lose one gust and we will probably crumble we're backdrifters,787,158
Go to Sleep by Radiohead,Hail to the Thief by Radiohead,something for the rag and bone man over my dead body something big is gonna happen over my dead body  someone's son or someone's daughter over my dead body this is how i end up sucked in over my dead body  i'm gonna go to sleep and let this wash all over me  we don't really want a monster taking over tiptoe 'round tie him down we don't want the loonies taking over tiptoe 'round tie him down  may pretty horses come to you as you sleep i'm gonna go to sleep and let this wash all over me,489,108
Where I End and You Begin by Radiohead,Hail to the Thief by Radiohead,there's a gap in between there's a gap where we meet where i end and you begin and i'm sorry for us the dinosaurs roam the earth the sky turns green where i end and you begin  four five six seven  i am up in the clouds i am up in the clouds and i can't and i can't come down i can watch but not take part where i end and where you start where you you left me alone you left me alone  x will mark the place like the parting of the waves like a house falling in the sea in the sea  i will eat you alive i will eat you alive i will eat you alive i will eat you alive there'll be no more lies there'll be no more lies there'll be no more lies there'll be no more lies i will eat you alive i will eat you alive i will eat you alive i will eat you alive there'll be no more lies there'll be no more lies there'll be no more lies there'll be no more lies i will eat you alive i will eat you alive i will eat you alive i will eat you alive there'll be no more lies there'll be no more lies there'll be no more lies there'll be no more lies i will eat you alive i will eat you alive i will eat you alive,1094,258
We Suck Young Blood by Radiohead,Hail to the Thief by Radiohead,are you hungry are you sick are you begging for a break are you sweet are you fresh are you strung up by the wrists  we want the young blood are you fracturing are you torn at the seams would you do anything flea-bitten moth eaten  we suck young blood we suck young blood  won't let the creeping ivy won't let the nervous bury me our veins are thin our rivers poisoned  we want the sweet meats we want the young blood,417,84
The Gloaming by Radiohead,Hail to the Thief by Radiohead,genie let out of the bottle it is now the witching hour genie let out of the bottle it is now the witching hour murderers you're murderers we are not the same as you genie let out of the bottle funny ha-ha funny how  when the walls bend when the walls bend with your breathing with your breathing when the walls bend when the walls bend with your breathing with your breathing with your breathing  they will suck you down to the other side they will suck you down to the other side they will suck you down to the other side they will suck you down to the other side to the shadows blue and red shadows blue and red your alarm bells your alarm bells shadows blue and red shadows blue and red your alarm bells your alarm  they should be ringing they should be ringing they should be ringing they should be ringing they should be ringing they should be ringing they should be ringing they should be ringing  they should be ringing they should be ringing they should be ringing they should be ringing this is the gloaming,1017,193
"There, There by Radiohead",Hail to the Thief by Radiohead,in pitch dark i go walking in your landscape broken branches trip me as i speak  just 'cause you feel it doesn't mean it's there just 'cause you feel it doesn't mean it's there  there's always a siren singing you to shipwreck ooh-ah don't reach out don't reach out ooh-ah don't reach out don't reach out steer away from these rocks we'd be a walking disaster ooh-ah don't reach out don't reach out ooh-ah don't reach out don't reach out  just 'cause you feel it doesn't mean it's there someone on your shoulder someone on your shoulder just 'cause you feel it doesn't mean it's there someone on your shoulder someone on your shoulder  there there  why so green and lonely and lonely and lonely heaven sent you to me to me to me we are accidents waiting waiting to happen we are accidents waiting waiting to happen,813,166
I Will by Radiohead,Hail to the Thief by Radiohead,i will lay me down in a bunker underground i won't let this happen to my children meet the real world coming out of your shell with white elephants sitting ducks i will rise up  little baby's eyes eyes eyes eyes little baby's eyes eyes eyes eyes little baby's eyes eyes eyes,274,56
A Punchup at a Wedding by Radiohead,Hail to the Thief by Radiohead,no no no no no no no no no no no no no no no no no no no no no no no no no no no no no no no no no no no no no no no no no no  i don't know why you bother nothing's ever good enough for you i was there it wasn't like that you've come here just to start a fight  you had to piss on our parade you had to shred our big day you had to ruin it for all concerned in a drunken punch-up at a wedding yeah  hypocrite opportunist don't infect me with your poison a bully in a china shop when i turn 'round you stay frozen to the spot  the pointless snide remarks of hammerheaded sharks the pot will call the kettle black it's a drunken punch-up at a wedding yeah  no no no no no no no no no no no no no no no no no no no no no no no no no no no no no no no no no no no no no no no no no no no no no no no no no no no no no no no no no no no no no no no no no,849,216
Myxomatosis by Radiohead,Hail to the Thief by Radiohead,the mongrel cat came home holding half a head proceeded to show it off to all his newfound friends he said i been where i liked i slept with who i like she ate me up for breakfast she screwed me in a vice but now  i don't know why i feel so tongue tied  i sat in the cupboard and wrote it down in neat they were cheering and waving cheering and waving twitching and salivating like with myxomatosis but it got edited fucked up strangled beaten up used in a photo in time magazine buried in a burning black hole in devon  i don't know why i feel so tongue tied don't know why i feel so skinned alive  my thoughts are misguided and a little naïve i twitch and i salivate like with myxomatosis you should put me in a home or you should put me down i got myxomatosis i got myxomatosis yeah no one likes a smartass but we all like stars wait that wasn't my intention i did it for a reason it must have got mixed up strangled beaten up i got myxomatosis i got myxomatosis  i don't know why i feel so tongue tied,1005,207
Scatterbrain by Radiohead,Hail to the Thief by Radiohead,i'm walking out in a force ten gale birds thrown around bullets for hail the roof is pulling off by its fingernails your voice is rapping on my windowsill  yesterday's headlines blown by the wind yesterday's people end up scatterbrain there any fool can easy pick a hole i only wish i could fall in a moving target in a firing range  somewhere i'm not scatterbrain somewhere i'm not scatterbrain lightning fuse powercut scatterbrain,432,79
A Wolf at the Door by Radiohead,Hail to the Thief by Radiohead,"drag him out your window dragging out the dead singing ""i miss you"" snakes and ladders flip the lid out pops the cracker smacks you in the head knifes you in the neck kicks you in the teeth steel toe caps takes all your credit cards get up get the gunge get the eggs get the flan in the face the flan in the face the flan in the face dance you fucker dance you fucker don't you dare don't you dare don't you flan in the face take it with the love it's given take it with a pinch of salt take it to the taxman let me back let me back i promise to be good don't look in the mirror at the face you don't recognize help me call the doctor put me inside put me inside put me inside put me inside put me inside  i keep the wolf from the door but he calls me up calls me on the phone tells me all the ways that he's gonna mess me up steal all my children if i don't pay the ransom and i'll never see them again if i squeal to the cops  no no no no no no no no no no no no no no no no no no no no no no no no no no no no no no no no no no no no no no no no no no no no no no no no no no no no no no no no no no no no no no no no no no no no no no no no no no no no no no no no no no no no no no no no no no no no no no no no no no no no no no no no no  walking like giant cranes and with my x-ray eyes i strip you naked in a tight little world and are you on the list stepford wives who are we to complain investments and dealers investments and dealers cold wives and mistresses cold wives and sunday papers city boys in first class don't know we're born at all just know someone else is gonna come and clean it up born and raised for the job someone always does oh i wish you'd get up get over get up get over turn your tape off i keep the wolf from the door but he calls me up calls me on the phone tells me all the ways that he's gonna mess me up steal all my children if i don't pay the ransom and i'll never see them again if i squeal to the cops so i'm just gonna",1962,473
15 Step by Radiohead,In Rainbows by Radiohead,how come i end up where i started how come i end up where i went wrong won't take my eyes off the ball again you reel me out then you cut the string how come i end up where i started how come i end up where i went wrong won't take my eyes off the ball again first you reel me out and then you cut the string  you used to be alright what happened did the cat get your tongue did your string come undone one by one one by one it comes to us all it's as soft as your pillow  you used to be alright what happened et cetera et cetera fads for whatever fifteen steps then a sheer drop  how come i end up where i started how come i end up where i went wrong won't take my eyes off the ball again you reel me out then you cut the string,728,163
Bodysnatchers by Radiohead,In Rainbows by Radiohead,i do not understand what it is i've done wrong full of holes check for pulse blink your eyes one for yes two for no  i have no idea what i am talking about i am trapped in this body and can't get out  you killed the sound removed backbone a pale imitation with the edges sawn off  i have no idea what you are talking about your mouth moves only with someone's hand up your arse  has the light gone out for you because the light's gone out for me it is the twenty-first century it is the twenty-first century it can follow you like a dog it brought me to my knees they got a skin and they put me in they got a skin and they put me in on the lines wrapped 'round my face on the lines wrapped 'round my face and for anyone else to see and for anyone else to see i'm a lie  i've seen it coming they've seen it coming they've seen it coming they've seen it coming,858,186
Nude by Radiohead,In Rainbows by Radiohead,don't get any big ideas they're not gonna happen you paint yourself white and fill up with noise but there'll be something missing  now that you've found it it's gone now that you feel it you don't you've gone off the rails  so don't get any big ideas they're not gonna happen you'll go to hell for what your dirty mind is thinking,331,75
Weird Fishes/Arpeggi by Radiohead,In Rainbows by Radiohead,in the deepest ocean the bottom of the sea your eyes they turn me why should i stay here why should i stay  i'd be crazy not to follow follow where you lead your eyes they turn me turn me into phantoms way out i follow to the edge way out of the earth way out and fall off yeah everybody leaves way out if they get the chance way out and this way out is my chance  i get eaten by the worms and weird fishes picked over by the worms and weird fishes weird fishes weird fishes   yeah i i hit the bottom hit the bottom and escape escape i i hit the bottom hit the bottom and escape escape,585,123
All I Need by Radiohead,In Rainbows by Radiohead,i'm the next act waiting in the wings i'm an animal trapped in your hot car i am all the days that you choose to ignore  you are all i need you're all i need i'm in the middle of your picture lying in the reeds  i am a moth who just wants to share your light i'm just an insect trying to get out of the night i only stick with you because there are no others  you are all i need you're all i need i'm in the middle of your picture lying in the reeds  it's all wrong it's all wrong it's all wrong it's alright it's alright it's alright it's all wrong it's alright it's alright it's alright,588,139
Faust Arp by Radiohead,In Rainbows by Radiohead,one two three four  wakey wakey rise and shine it's on again off again on again watch me fall like dominoes in pretty patterns fingers in the blackbird pie i'm tingling tingling tingling it's what you feel not what you ought to what you ought to reasonable and sensible  dead from the neck up i guess i'm stuffed stuffed stuffed we thought you had it in you but not not not for no real reason  squeeze the tubes and empty bottles i take a bow take a bow take a bow it's what you feel not what you ought to what you ought to the elephant that's in the room is tumbling tumbling tumbling in duplicate and triplicate and plastic bags in duplicate and triplicate  dead from the neck up i guess i'm stuffed stuffed stuffed we thought you had it in you but not not not exactly where do you get off is enough is enough i love you but enough is enough enough of that stuff there's no real reason  you've got a head full of feathers you got melted to butter,948,193
Reckoner by Radiohead,In Rainbows by Radiohead,reckoner you can't take it with you dancing for your pleasure  you are not to blame for bittersweet distractor dare not speak its name dedicated to all hu– all human beings  because we separate like ripples on a blank shore in rainbows because we separate like ripples on a blank shore in rainbows  reckoner take me with you dedicated to all hu– all human beings,362,66
House of Cards by Radiohead,In Rainbows by Radiohead,i don't want to be your friend i just want to be your lover no matter how it ends no matter how it starts  forget about your house of cards and i'll do mine forget about your house of cards and i'll do mine and fall off the table get swept under denial denial  the infrastructure will collapse from voltage spikes throw your keys in the bowl kiss your husband 'goodnight'  and forget about your house of cards and i'll do mine forget about your house of cards and i'll do mine fall off the table get swept under denial denial denial denial your ears should be burning denial denial your ears should be burning,609,121
Jigsaw Falling into Place by Radiohead,In Rainbows by Radiohead,just as you take my hand just as you write my number down just as the drinks arrive just as they play your favourite song as your bad day disappears no longer wound up like a spring before you've had too much come back in focus again the walls are bending shape they've got a cheshire cat grin all blurring into one this place is on a mission before the night owl before the animal noises closed circuit cameras before you're comatose  before you run away from me before you're lost between the notes the beat goes 'round and 'round the beat goes 'round and 'round i never really got there i just pretended that i had words are blunt instruments words are sawn-off shotguns come on and let it out come on and let it out come on and let it out come on and let it out before you run away from me before you're lost between the notes just as you take the mic just as you dance dance dance  a jigsaw falling into place so there is nothing to explain you eye each other as you pass she looks back and you look back not just once and not just twice wish away your nightmare wish away the nightmare you got the light you can feel it on your back a light you can feel it on your back your jigsaw falling into place,1206,243
Videotape by Radiohead,In Rainbows by Radiohead,when i'm at the pearly gates this'll be on my videotape my videotape when mephistopheles is just beneath and he's reaching up to grab me this is one for the good days and i have it all here in red blue green in red blue green you are my centre when i spin away out of control on videotape on videotape on videotape on videotape on videotape on videotape on videotape  this is my way of saying goodbye because i can't do it face to face so i'm talking to you before- no matter what happens now you shouldn't be afraid because i know today has been the most perfect day i've ever seen,582,121
Bloom by Radiohead,The King of Limbs by Radiohead,open your mouth wide a universal sigh and while the ocean blooms it's what keeps me alive so why does this still hurt don't blow your mind with whys i'm movin' out of orbit turnin' in somersaults turnin' in somersaults a giant turtle's eyes a giant turtle's eyes jellyfish float by jellyfish float by it's what keeps me alive,325,68
Morning Mr. Magpie by Radiohead,The King of Limbs by Radiohead,you got some nerve comin' here you got some nerve comin' here you stole it off give it back you stole it off give it back  good morning mr magpie how are we today now you've stolen all the magic and took my memory  ooh-ooh-ooh-ooh-ooh-ooh ooh-ooh-ooh-ooh ooh-ooh-ooh-ooh ooh-ooh-ooh  you know you should but you don't you know you should but you don't ooh  good morning mr magpie how are we today now you've stolen all my magic took my melody,442,86
Little by Little by Radiohead,The King of Limbs by Radiohead,don't turn nasty now the dusts of hell a pillar of my salt the last one out of the box the one who broke the spell  little by little by hook or by crook i'm such a tease and you're such a flirt once you've been 'round you've been around enough ooh-ooh-ooh little by little by hook or by crook never in earnest never get judged i'm no idiot i should look ooh-ooh-ooh-ooh-oh  the glue won't hold the thread unpulls uncurling with my love the last one out of the box the one who broke the seal  obligations complications routines and schedules the drug that will kill you kill you oh-oh-oh-oh you  little by little by hook or by crook never in earnest never get judged i'm no idiot i should look little by little by hook or by crook i'm such a tease and you're such a flirt,770,159
Feral by Radiohead,The King of Limbs by Radiohead, you're not you're not mine i'm not yours it's all fine please don't judge judge you're not mine  judge,103,25
Lotus Flower by Radiohead,The King of Limbs by Radiohead,i will shape myself into your pocket invisible do what you want do what you want i will shrink and i will disappear i will slip into the groove and cut me off and cut me off  there's an empty space inside my heart where the weeds take root and now i'll set you free i'll set you free there's an empty space inside my heart where the weeds take root so now i'll set you free i'll set you free  slowly we unfurl as lotus flowers 'cause all i want is the moon upon a stick just to see what if just to see what is i can't kick your habit just to feed your fast balloonin' head listen to your heart  we will shrink and then be quiet as mice and while the cat is away do what we want do what we want  there's an empty space inside my heart where the weeds take root so now i'll set you free i'll set you free  'cause all i want is the moon upon a stick just to see what if just to see what is oh the bird that's flown into my room  slowly we unfurl as lotus flowers 'cause all i want is the moon upon a stick i dance around the pit the darkness is beneath i can't kick your habit just to feed your fast balloonin' head listen to your heart,1133,251
Codex by Radiohead,The King of Limbs by Radiohead,sleight of hand jump off the end into a clear lake no one around just dragonflies fantasised no one gets hurt you've done nothing wrong  ooh-ooh ooh-ooh  slide your hand jump off the end the water's clear and innocent the water's clear and innocent ,249,47
Give Up the Ghost by Radiohead,The King of Limbs by Radiohead,don't hurt me don't hurt me don't hurt me don't hurt me don't hurt me  gather up the lost and their souls don't hurt me into your arms don't hurt me into your arms don't hurt me gather up the pitiful don't hurt me don't hurt me into your arms don't hurt me into your arms don't hurt me into your arms don't hurt me into your arms don't hurt me  into your arms what seems impossible don't hurt me don't hurt me into your arms don't hurt me into your arms don't hurt me into your arms i think i have had my fill don't hurt me don't hurt me into your arms don't hurt me into your arms don't hurt me into your arms don't hurt me into your arms don't hurt me i think i should give up the ghost don't hurt me don't hurt me into your arms into your arms don't hurt me don't hurt me  into your arms don't hurt me into your arms don't hurt me into your arms don't hurt me into your arms don't hurt me into your arms don't hurt me into your arms don't hurt me into your arms don't hurt me into your arms don't hurt me into your arms don't hurt me into your arms don't hurt me,1065,259
Separator by Radiohead,The King of Limbs by Radiohead,it's like i've fallen out of bed from a long and vivid dream the sweetest flowered fruits were hangin' from the trees fallin' off the giant bird that's been carryin' me it's like i've fallen out of bed from a long and vivid dream  just exactly as i remember every word every gesture i've my heart in my mouth  like i've fallen out of bed from a long and vivid dream finally i'm free of all the weight i've been carrying  and as that woman blows her cover in the eye of the beholder i'm a fish now out of water  did so much did so much fallen off a giant bird that's been carryin' me  i fell open i lay under at the tip off lost your number i wanna slip over and get back under  and if you think this is over then you're wrong if you think this is over then you're wrong wake me up will you wake me up if you think this is over then you're wrong wake me up will you wake me up if you think this is over then you're wrong  wake me up will you wake me up like i've fallen out of bed from a long and vivid dream wake me up will you wake me up finally i'm free of all the weight i've been carryin'  when at last you give in when at last you give in wake me up will you wake me up wake me up will you wake me up wake me up will you wake me up wake me up will you wake me up,1267,296
Burn the Witch by Radiohead,A Moon Shaped Pool by Radiohead,stay in the shadows cheer at the gallows this is a round-up  this is a low-flying panic attack sing the song on the jukebox that goes burn the witch burn the witch we know where you live  red crosses on wooden doors if you float you burn loose talk around tables abandon all reason avoid all eye contact do not react shoot the messengers  this is a low-flying panic attack sing the song of sixpence that goes  burn the witch burn the witch we know where you live we know where you live,485,93
Daydreaming by Radiohead,A Moon Shaped Pool by Radiohead,dreamers they never learn they never learn beyond the point of no return of no return then it's too late the damage is done the damage is done  this goes beyond me beyond you a white room by a window where the sun comes through we are just happy to serve just happy to serve you  ​efil ym fo flah ​efil ym fo flah ​efil ym fo flah ​efil ym fo flah ​efil ym fo flah ​efil ym fo flah ​efil ym fo flah ​efil ym fo flah ​efil ym fo flah ​efil ym fo flah ​efil ym fo flah ​efil ym fo flah ​efil ym fo flah ​efil ym fo flah ​efil ym fo flah ​efil ym fo flah​​,553,121
Decks Dark by Radiohead,A Moon Shaped Pool by Radiohead,then into your life there comes a darkness there's a spacecraft blocking out the sky and there's nowhere to hide you run to the back and you cover your ears but it's the loudest sound you've ever heard and all we trapped rag doll cloth people we are helpless to resist into our darkest hour  but it was just a laugh just a laugh just a laugh just a laugh even at this angle and so we crumble a ten ton head made of wet sand oh this dread circumference you've gotta be kidding me the grass grows over me your face in the glass in the glass it was just a laugh just a laugh it's whatever you say it is in split infinity  then into your life there comes a darkness and a spacecraft blocking out the sky and there's nowhere to hide you run to the back and you cover your ears but it's the loudest sound you've ever heard into your darkest hour  when you've had enough of me when you've had enough of me sweet darling when you've had enough of me when you've had enough of me sweet darling sweet times sweet darling sweet times,1022,215
Desert Island Disk by Radiohead,A Moon Shaped Pool by Radiohead,now as i go upon my way so let me go upon my way born of a light born of a light the wind rushing 'round my open heart an open ravine with my spirit wide totally alive and my spirit light through an open doorway across a street to another life and catching my reflection in a window switching on a light one i didn't know totally alive totally released  waking waking up from shutdown from a thousand years of sleep yeah you you know what i mean you know what i mean you know what i mean standing on the edge of you you know what i mean you know what i mean you know what i mean  different types of love different types of love different types of love are possible are possible are possible are possible,703,141
Ful Stop by Radiohead,A Moon Shaped Pool by Radiohead,you really messed up everything you really messed up everything if you could take it all back again strike up the tinderbox why should i be good if you're not this is a foul tasting medicine a foul tasting medicine to be trapped in your full stop  truth will mess you up truth will mess you up truth will mess you up truth will mess you up truth will mess you up truth will mess you up truth will mess you up truth will mess you up truth will mess you up all the good times truth will mess you up truth will mess you up all the good times truth will mess you up truth will mess you up all the good times truth will mess you up truth will mess you up all the good times truth will mess you up truth will mess you up all the good times truth will mess you up truth will mess you up all the good times truth will mess you up truth will mess you up all the good times truth will mess you up truth will mess you up all the good times when you take me back take me back again will you take me back take me back again  you really messed up you really messed up you really messed up you really messed up this time you really messed up you really messed up you really messed up you really messed up this time you really messed up you really messed up you really messed up you really messed up this time,1293,267
Glass Eyes by Radiohead,A Moon Shaped Pool by Radiohead,hey it's me i just got off the train a frightening place the faces are concrete grey and i'm wondering should i turn around buy another ticket the panic is coming on strong so cold from the inside out no great drama message coming in in the oh-so-smug glassy eyed light of day glassy eyed light of day  where the path trails off and heads down the mountain through the dry bush i don't know where it leads and i don't really care where the path trails off and heads down the mountain through the dry bush i don't know where it leads and i don't really care  i feel this love to the core i feel this love turn cold,613,127
Identikit by Radiohead,A Moon Shaped Pool by Radiohead,a moon shaped pool dancing clothes won't let me in and now i know it's never gonna be oh me a moon shaped pool dancing clothes won't let me in and now i know it's never gonna be oh me a moon shaped pool dancing clothes won't let me in and now i know it's never gonna be oh me  the sweet-faced ones with nothing left inside that we all can love that we all can love that we all the sweet-faced ones with nothing left inside that we all can love that we all can love that we all  but now i see you messing me around i don't want to know i don't want to know i don't want when i see you messing me around i don't want to know i don't want to know i don't want to know  broken hearts make it rain broken hearts make it rain broken hearts make it rain broken hearts make it rain broken hearts make it rain broken hearts make it rain broken hearts make it rain broken hearts make it rain broken hearts make it rain broken hearts broken hearts make it rain broken hearts make it rain broken hearts make it rain broken hearts make it rain broken hearts make it rain broken hearts make it rain broken hearts make it rain broken hearts make it rain  the pieces of a ragdoll mankind that we can create that we can create that we can the pieces of a ragdoll mankind that we can create that we can create  but when i see you messing me around i don't want to know i don't want to know i don't want when i see you messing me around i don't want to know i don't want to know i don't want to know,1480,325
The Numbers by Radiohead,A Moon Shaped Pool by Radiohead,it holds us like a phantom it touches  like a breeze it shines its understanding see the moon is smiling open on all channels ready to receive 'cause we're not at the mercy of your chimeras and spells your chimeras and spells mm-hmm we are of the earth to her we do return the future is inside us it's not somewhere else it's not somewhere else it's not somewhere else  one day at a time one day at a time  we call upon the people the people have this power the numbers don't decide the system is a lie a river running dry the wings of butterflies and you may pour us away like soup like we're pretty broken flowers we'll take back what is ours take back what is ours  one day at a time,686,143
Present Tense by Radiohead,A Moon Shaped Pool by Radiohead,this dance this dance is like a weapon is like a weapon of self-defence of self-defence against the present against the present the present tense no i won't get heavy don't get heavy keep it light and keep it moving i am doing no harm as my world comes crashing down i'll be dancing freaking out deaf dumb and blind  in you i'm lost in you i'm lost  i won't turn around or the penny drops won't stop now won't slack off or all this love will be in vain to stop from falling down a mine it's no one's business but mine where all this love has been in vain  in you i'm lost in you i'm lost in you i'm lost in you i'm lost,619,141
Tinker Tailor Soldier Sailor Rich Man Poor Man Beggar Man Thief by Radiohead,A Moon Shaped Pool by Radiohead,"all the holes at once are comin' alive set free out of sight and out of mind the lonely and their prey  the ones you light your fires to keep away is crawling out upon its belly and all you have to do is say ""yes""  all the birds stay up in the trees all the fish swim down to the deep the lonely and their prey i am here come to me before it's too late  the one you light your fires to keep away is crawling out upon its belly and all you have to do is say ""yes"" ",463,107
True Love Waits by Radiohead,A Moon Shaped Pool by Radiohead,i'll drown my beliefs to have your babies i'll dress like your niece and wash your swollen feet  just don't leave don't leave  i'm not living i'm just killing time your tiny hands your crazy kitten smile  just don't leave don't leave  and true love waits in haunted attics and true love lives on lollipops and crisps  just don't leave don't leave,346,72
Spectre by Radiohead,A Moon Shaped Pool by Radiohead,i'm lost i'm a ghost dispossessed taken host my hunger burns a bullet hole a spectre of my mortal soul  these rumors and suspicion anger is a poison  the only truth that i could see is when you put your lips to me futures tricked by the past spectre how he laughs  fear puts a spell on us always second-guessing love  my hunger burns a bullet hole a spectre of my mortal soul the only truth that i can see spectre has come for me,429,87
Ill Wind by Radiohead,A Moon Shaped Pool by Radiohead,keep your distance then no harm will come  no ill wind will blow will blow  sudden words must never be spoken  no ill wind will blow will blow   keep your cool do not give into emotion  no ill wind will blow will blow,217,43
